Rk,Name,Inducted,Yrs,From,To,ASG,WAR/pos,G,PA,AB,R,H,2B,3B,HR,RBI,SB,CS,BB,SO,IBB,GDP,SF,SH,BA,OBP,SLG,OPS
1,Al Kaline,1980,22,1953,1974,18,92.8,2834,11597,10116,1622,3007,498,75,399,1582,137,65,1277,1020,133,271,104,45,0.297,0.376,0.48,0.855
2,Al Lopez,1977,19,1928,1947,2,16.4,1950,6611,5916,613,1547,206,43,51,652,46,32,556,538,129,137,,121,0.261,0.326,0.337,0.663
3,Al Simmons,1953,20,1924,1944,3,68.3,2215,9520,8759,1507,2927,539,149,307,1828,88,68,615,737,79,23,,111,0.334,0.38,0.535,0.915
4,Alan Trammell,2018,20,1977,1996,6,70.6,2293,9376,8288,1231,2365,412,55,185,1003,236,109,850,874,48,156,76,124,0.285,0.352,0.415,0.767
5,Andre Dawson,2010,21,1976,1996,8,64.8,2627,10769,9927,1373,2774,503,98,438,1591,314,109,589,1509,143,217,118,24,0.279,0.323,0.482,0.806
6,Arky Vaughan,1985,14,1932,1948,9,77.9,1817,7723,6622,1173,2103,356,128,96,926,118,90,937,276,85,70,,116,0.318,0.406,0.453,0.859
7,Babe Ruth,1936,22,1914,1935,2,162.2,2503,10627,8399,2174,2873,506,136,714,2214,123,116,2062,1330,79,2,,114,0.342,0.474,0.69,1.164
8,Barry Larkin,2012,19,1986,2004,12,70.5,2180,9057,7937,1329,2340,441,76,198,960,379,77,939,817,66,178,67,59,0.295,0.371,0.444,0.815
9,Bid McPhee,2000,18,1882,1899,0,52.5,2138,9429,8304,1684,2258,303,189,53,1072,568,,982,377,,,,56,0.272,0.355,0.373,0.728
10,Bill Dickey,1954,17,1928,1946,11,56.3,1789,7065,6300,930,1969,343,72,202,1209,36,32,678,289,101,49,,51,0.313,0.382,0.486,0.868
11,Bill Mazeroski,2001,17,1956,1972,10,36.6,2163,8379,7755,769,2016,294,62,138,853,27,23,447,706,110,194,70,87,0.26,0.299,0.367,0.667
12,Bill Terry,1954,14,1923,1936,3,56.5,1721,7111,6428,1120,2193,373,112,154,1078,56,63,537,449,32,38,,137,0.341,0.393,0.506,0.899
13,Billy Hamilton,1961,14,1888,1901,0,63.2,1594,7609,6283,1697,2164,242,95,40,742,914,,1189,362,,,,47,0.344,0.455,0.432,0.888
14,Billy Herman,1975,15,1931,1947,10,57.2,1922,8641,7707,1163,2345,486,82,47,839,67,72,737,428,34,191,,171,0.304,0.367,0.407,0.774
15,Billy Southworth,2008,13,1913,1929,0,21.7,1192,4927,4359,661,1296,173,91,52,561,138,98,402,148,4,,,152,0.297,0.359,0.415,0.773
16,Billy Williams,1987,18,1959,1976,6,63.6,2488,10519,9350,1410,2711,434,88,426,1475,90,49,1045,1046,182,200,73,8,0.29,0.361,0.492,0.853
17,Biz Mackey,2006,22,1920,1947,5,25.8,900,3442,3081,497,1011,167,57,52,604,60,5,298,9,0,0,,47,0.328,0.39,0.47,0.86
18,Bobby Doerr,1986,14,1937,1951,9,51.4,1865,8030,7093,1094,2042,381,89,223,1247,54,64,809,608,53,187,,115,0.288,0.362,0.461,0.823
19,Bobby Wallace,1953,25,1894,1918,0,70.4,2383,9631,8618,1057,2309,391,143,34,1121,201,10,774,560,,,,173,0.268,0.332,0.358,0.69
20,Brooks Robinson,1983,23,1955,1977,18,78.4,2896,11782,10654,1232,2848,482,68,268,1357,28,22,860,990,120,297,114,101,0.267,0.322,0.401,0.723
21,Buck Ewing,1939,18,1880,1897,0,48,1315,5772,5363,1129,1625,250,178,71,883,354,,392,294,,,,8,0.303,0.351,0.456,0.807
22,Buck Leonard,1972,14,1935,1948,13,30,604,2614,2163,549,748,144,50,97,548,32,,403,,2,2,0,28,0.346,0.453,0.593,1.046
23,Cal Ripken Jr.,2007,21,1981,2001,19,95.9,3001,12883,11551,1647,3184,603,44,431,1695,36,39,1129,1305,107,350,127,10,0.276,0.34,0.447,0.788
24,Cap Anson,1939,27,1871,1897,0,94.4,2524,11331,10281,1999,3435,582,142,97,2075,277,16,984,330,,6,,34,0.334,0.394,0.447,0.841
25,Carl Yastrzemski,1989,23,1961,1983,18,96.5,3308,13992,11988,1816,3419,646,59,452,1844,168,116,1845,1393,190,323,105,13,0.285,0.379,0.462,0.841
26,Carlton Fisk,2000,24,1969,1993,11,68.4,2499,9853,8756,1276,2356,421,47,376,1330,128,58,849,1386,105,204,79,26,0.269,0.341,0.457,0.797
27,Casey Stengel,1966,14,1912,1925,0,20.2,1277,4871,4288,575,1219,182,89,60,535,131,60,437,453,3,,,105,0.284,0.356,0.41,0.766
28,Charlie Gehringer,1949,19,1924,1942,6,84.8,2323,10245,8860,1775,2839,574,146,184,1427,181,93,1186,372,43,27,,141,0.32,0.404,0.48,0.884
29,Chick Hafey,1971,13,1924,1937,1,31.3,1283,5116,4625,777,1466,341,67,164,833,70,52,372,477,37,28,,83,0.317,0.372,0.526,0.898
30,Chipper Jones,2018,19,1993,2012,8,85.3,2499,10614,8984,1619,2726,549,38,468,1623,150,46,1512,1409,177,253,97,3,0.303,0.401,0.529,0.93
31,Chuck Klein,1980,17,1928,1944,2,46.7,1753,7172,6486,1168,2076,398,74,300,1201,79,72,601,521,48,55,,69,0.32,0.379,0.543,0.922
32,Cool Papa Bell,1974,21,1922,1946,8,30.9,1202,5361,4767,1152,1548,262,72,57,596,285,,531,,1,0,0,49,0.325,0.394,0.446,0.84
33,Craig Biggio,2015,20,1988,2007,7,65.4,2850,12504,10876,1844,3060,668,55,291,1175,414,124,1160,1753,68,150,81,101,0.281,0.363,0.433,0.796
34,Crist√≥bal Torriente,2006,10,1920,1932,0,25.7,646,2613,2235,471,759,140,53,55,532,93,,323,,,,,35,0.34,0.427,0.523,0.951
35,Dan Brouthers,1945,19,1879,1904,0,79.8,1676,7691,6726,1529,2303,462,206,107,1301,257,,840,238,,,,20,0.342,0.423,0.52,0.943
36,Dave Bancroft,1971,16,1915,1930,0,49.9,1913,8250,7182,1048,2004,320,77,32,591,145,90,827,487,4,,,212,0.279,0.355,0.358,0.714
37,Dave Winfield,2001,22,1973,1995,12,64.2,2973,12358,11003,1669,3110,540,88,465,1833,223,96,1216,1686,172,319,95,19,0.283,0.353,0.475,0.827
38,David Ortiz,2022,20,1997,2016,10,55.3,2408,10091,8640,1419,2472,632,19,541,1768,17,9,1319,1750,209,236,92,2,0.286,0.38,0.552,0.931
39,Deacon White,2013,20,1871,1890,0,45.7,1560,6973,6624,1140,2067,270,98,24,988,70,9,308,221,,8,,,0.312,0.346,0.393,0.74
40,Derek Jeter,2020,20,1995,2014,14,71.3,2747,12602,11195,1923,3465,544,66,260,1311,358,97,1082,1840,39,287,58,97,0.31,0.377,0.44,0.817
41,Duke Snider,1980,18,1947,1964,8,65.9,2143,8237,7161,1259,2116,358,85,407,1333,99,73,971,1237,154,166,32,52,0.295,0.38,0.54,0.919
42,Earl Averill,1975,13,1929,1941,6,51.6,1669,7221,6353,1224,2019,401,128,238,1164,70,58,774,518,36,7,,55,0.318,0.395,0.534,0.928
43,Earle Combs,1970,12,1924,1935,0,45,1455,6514,5746,1186,1866,309,154,58,633,98,70,670,278,8,,,74,0.325,0.397,0.462,0.859
44,Ed Delahanty,1945,16,1888,1903,0,69.6,1837,8402,7510,1600,2597,522,186,101,1466,456,,742,439,,,,54,0.346,0.411,0.505,0.917
45,Edd Roush,1962,18,1913,1931,0,45.8,1967,8157,7363,1099,2376,339,182,68,981,268,134,484,260,10,,,256,0.323,0.369,0.446,0.815
46,Eddie Collins,1939,25,1906,1930,0,124.2,2826,12087,9949,1821,3315,438,187,47,1299,741,196,1499,467,15,,,512,0.333,0.424,0.429,0.853
47,Eddie Mathews,1978,17,1952,1968,12,96,2391,10101,8537,1509,2315,354,72,512,1453,68,39,1444,1487,142,123,58,36,0.271,0.376,0.509,0.885
48,Eddie Murray,2003,21,1977,1997,8,68.6,3026,12817,11336,1627,3255,560,35,504,1917,110,43,1333,1516,222,315,128,2,0.287,0.359,0.476,0.836
49,Edgar Martinez,2019,18,1987,2004,7,68.4,2055,8674,7213,1219,2247,514,15,309,1261,49,30,1283,1202,113,190,77,10,0.312,0.418,0.515,0.933
50,Elmer Flick,1963,13,1898,1910,0,52.7,1483,6434,5597,950,1752,268,164,48,756,330,,597,567,,,,121,0.313,0.389,0.445,0.834
51,Enos Slaughter,1985,19,1938,1959,10,57.6,2380,9087,7946,1247,2383,413,148,169,1304,71,60,1018,538,108,139,10,73,0.3,0.382,0.453,0.834
52,Ernie Banks,1977,19,1953,1971,14,67.7,2528,10396,9421,1305,2583,407,90,512,1636,50,53,763,1236,202,229,96,45,0.274,0.33,0.5,0.83
53,Ernie Lombardi,1986,17,1931,1947,8,37.7,1853,6353,5855,601,1792,277,27,190,990,8,9,430,262,153,261,,18,0.306,0.358,0.46,0.818
54,Frank Chance,1946,17,1898,1914,0,46,1288,5138,4299,798,1274,200,79,20,596,403,0,556,320,,,,111,0.296,0.394,0.394,0.788
55,Frank Robinson,1982,21,1956,1976,14,107.3,2808,11744,10006,1829,2943,528,72,586,1812,204,77,1420,1532,218,270,102,17,0.294,0.389,0.537,0.926
56,Frank Thomas,2014,19,1990,2008,5,73.8,2322,10075,8199,1494,2468,495,12,521,1704,32,23,1667,1397,168,226,121,0,0.301,0.419,0.555,0.974
57,Frankie Frisch,1947,19,1919,1937,3,71.8,2311,10101,9112,1532,2880,466,138,105,1244,419,176,728,272,25,55,,229,0.316,0.369,0.432,0.801
58,Fred Clarke,1945,21,1894,1915,0,68,2246,9864,8584,1622,2678,361,220,67,1015,509,0,875,511,,,,225,0.312,0.386,0.429,0.814
59,Fred McGriff,2023,19,1986,2004,5,52.6,2460,10174,8757,1349,2490,441,24,493,1550,72,38,1305,1882,171,226,71,2,0.284,0.377,0.509,0.886
60,Freddie Lindstrom,1976,13,1924,1936,0,28.7,1438,6109,5611,895,1747,301,81,103,779,84,99,334,276,11,35,,146,0.311,0.351,0.449,0.8
61,Gabby Hartnett,1955,20,1922,1941,6,55.4,1990,7300,6432,867,1912,396,64,236,1179,28,32,703,697,114,93,,127,0.297,0.37,0.489,0.858
62,Gary Carter,2003,19,1974,1992,11,70.1,2296,9019,7971,1025,2092,371,31,324,1225,39,42,848,997,106,180,99,33,0.262,0.335,0.439,0.773
63,George Brett,1999,21,1973,1993,13,88.6,2707,11625,10349,1583,3154,665,137,317,1596,201,97,1096,908,229,235,120,26,0.305,0.369,0.487,0.857
64,George Davis,1998,20,1890,1909,0,84.9,2372,10188,9045,1545,2665,453,163,73,1440,619,,874,613,,,,184,0.295,0.362,0.405,0.767
65,George Kell,1983,15,1943,1957,10,37.7,1795,7529,6702,880,2054,385,50,78,870,51,36,621,287,33,188,20,149,0.306,0.367,0.414,0.781
66,George Kelly,1973,16,1915,1932,0,25.6,1622,6570,5993,819,1778,337,76,148,1020,65,64,386,694,14,,,158,0.297,0.342,0.452,0.794
67,George Sisler,1939,15,1915,1930,0,54.9,2055,9018,8267,1284,2812,425,164,102,1178,375,149,472,327,4,,,226,0.34,0.379,0.468,0.847
68,George Wright,1937,12,1871,1882,0,23.2,591,2941,2873,665,866,124,60,11,326,47,20,68,119,,2,,,0.301,0.318,0.398,0.715
69,Gil Hodges,2022,18,1943,1963,8,43.8,2071,8104,7030,1105,1921,295,48,370,1274,63,42,943,1137,109,165,50,56,0.273,0.359,0.487,0.846
70,Goose Goslin,1968,18,1921,1938,1,66.2,2287,9830,8656,1482,2735,500,173,248,1612,176,94,949,585,67,,,162,0.316,0.387,0.5,0.887
71,Hack Wilson,1979,12,1923,1934,0,38.7,1348,5557,4760,884,1461,266,67,244,1063,52,34,674,713,29,15,,102,0.307,0.395,0.545,0.94
72,Hank Greenberg,1956,13,1930,1947,5,55.4,1394,6098,5193,1046,1628,379,71,331,1274,58,30,852,844,82,66,,35,0.313,0.412,0.605,1.017
73,Harmon Killebrew,1984,22,1954,1975,13,60.4,2435,9833,8147,1283,2086,290,24,573,1584,19,18,1559,1699,160,243,77,0,0.256,0.376,0.509,0.884
74,Harold Baines,2019,22,1980,2001,6,38.8,2830,11092,9908,1299,2866,488,49,384,1628,34,34,1062,1441,187,298,99,9,0.289,0.356,0.465,0.82
75,Harry Heilmann,1952,17,1914,1932,0,72.2,2147,8972,7787,1291,2660,542,151,183,1543,113,74,856,550,36,,,277,0.342,0.41,0.52,0.93
76,Harry Hooper,1971,17,1909,1925,0,53.5,2309,10277,8785,1429,2466,389,160,75,816,375,141,1136,582,3,,,247,0.281,0.368,0.387,0.755
77,Heinie Manush,1964,17,1923,1939,1,48.1,2008,8422,7654,1288,2524,491,160,110,1183,113,69,506,345,33,11,,186,0.33,0.377,0.479,0.856
78,Henry Aaron,1982,23,1954,1976,25,143,3298,13941,12364,2174,3771,624,98,755,2297,240,73,1402,1383,293,328,121,21,0.305,0.374,0.555,0.928
79,Home Run Baker,1955,13,1908,1922,0,62.8,1575,6677,5984,887,1838,315,103,96,991,235,54,473,344,,,,153,0.307,0.363,0.442,0.805
80,Honus Wagner,1936,21,1897,1917,0,131,2794,11766,10439,1739,3420,643,252,101,1732,723,26,963,735,,,,221,0.328,0.391,0.467,0.858
81,Hugh Duffy,1945,17,1888,1906,0,43.1,1737,7842,7044,1554,2293,325,119,106,1302,574,,664,268,,,,104,0.326,0.386,0.451,0.837
82,Hughie Jennings,1945,18,1891,1918,0,42.3,1284,5648,4895,992,1526,232,88,18,840,359,0,347,234,,,,119,0.312,0.391,0.406,0.797
83,Ivan Rodriguez,2017,21,1991,2011,14,68.7,2543,10270,9592,1354,2844,572,51,311,1332,127,64,513,1474,67,337,76,31,0.296,0.334,0.464,0.798
84,Jackie Robinson,1962,11,1945,1956,7,63.8,1416,5941,4997,972,1563,286,55,141,761,200,76,756,291,61,113,9,105,0.313,0.41,0.477,0.887
85,Jake Beckley,1971,20,1888,1907,0,61.5,2392,10518,9551,1603,2938,473,244,87,1581,315,,616,526,,,,167,0.308,0.361,0.436,0.797
86,Jeff Bagwell,2017,15,1991,2005,4,79.9,2150,9431,7797,1517,2314,488,32,449,1529,202,78,1401,1558,155,221,102,3,0.297,0.408,0.54,0.948
87,Jesse Burkett,1946,16,1890,1905,0,62.8,2067,9629,8426,1720,2850,320,182,75,952,389,,1029,613,,,,90,0.338,0.415,0.446,0.861
88,Jim Bottomley,1974,16,1922,1937,0,35.8,1991,8358,7471,1177,2313,465,151,219,1422,58,55,664,591,35,33,,177,0.31,0.369,0.5,0.869
89,Jim O'Rourke,1945,23,1872,1904,0,52.1,1999,9052,8503,1729,2639,468,149,62,1208,229,12,513,362,,6,,0,0.31,0.352,0.422,0.775
90,Jim Rice,2009,16,1974,1989,8,47.7,2089,9058,8225,1249,2452,373,79,382,1451,58,34,670,1423,77,315,94,5,0.298,0.352,0.502,0.854
91,Jim Thome,2018,22,1991,2012,5,73.1,2543,10313,8422,1583,2328,451,26,612,1699,19,20,1747,2548,173,165,74,1,0.276,0.402,0.554,0.956
92,Jimmie Foxx,1951,20,1925,1945,9,92.2,2317,9677,8134,1751,2646,458,125,534,1922,87,77,1452,1311,134,69,,72,0.325,0.428,0.609,1.038
93,Jimmy Collins,1945,14,1895,1908,0,53.3,1725,7460,6795,1055,1999,352,116,65,983,194,,426,266,,,,147,0.294,0.343,0.409,0.752
94,Joe Cronin,1956,20,1926,1945,7,64.8,2124,8840,7579,1233,2285,515,118,170,1424,87,71,1059,700,41,57,,166,0.301,0.39,0.468,0.857
95,Joe DiMaggio,1955,13,1936,1951,13,79.1,1736,7672,6821,1390,2214,389,131,361,1537,30,9,790,369,111,130,,14,0.325,0.398,0.579,0.977
96,Joe Gordon,2009,11,1938,1950,9,55.6,1566,6537,5707,914,1530,264,52,253,975,89,60,759,702,87,159,,41,0.268,0.357,0.466,0.822
97,Joe Kelley,1971,17,1891,1908,0,50.4,1853,8163,7006,1421,2220,358,194,65,1194,443,,911,430,,,,140,0.317,0.402,0.451,0.853
98,Joe Medwick,1968,17,1932,1948,10,54.4,1984,8143,7635,1198,2471,540,113,205,1383,42,37,437,551,101,203,,44,0.324,0.362,0.505,0.867
99,Joe Morgan,1990,22,1963,1984,10,100.4,2649,11329,9277,1650,2517,449,96,268,1133,689,162,1865,1015,76,105,96,51,0.271,0.392,0.427,0.819
100,Joe Sewell,1977,14,1920,1933,0,54.7,1903,8333,7132,1141,2226,436,68,49,1054,74,74,842,114,25,,,275,0.312,0.391,0.413,0.804
101,Joe Tinker,1946,15,1902,1916,0,53.2,1806,7167,6441,774,1690,263,114,31,785,336,12,416,526,,,,285,0.262,0.308,0.353,0.661
102,Joe Torre,2014,18,1960,1977,9,57.5,2209,8802,7874,996,2342,344,59,252,1185,23,29,779,1094,127,284,50,13,0.297,0.365,0.452,0.817
103,John McGraw,1937,17,1891,1907,0,45.7,1100,4946,3924,1024,1309,121,70,13,462,436,,836,155,,,,46,0.334,0.466,0.41,0.876
104,Johnny Bench,1989,17,1967,1983,14,75.1,2158,8674,7658,1091,2048,381,24,389,1376,68,43,891,1278,135,201,90,11,0.267,0.342,0.476,0.817
105,Johnny Evers,1946,18,1902,1929,0,47.7,1784,7230,6137,919,1659,216,70,12,536,324,26,778,293,0,,,256,0.27,0.356,0.334,0.69
106,Johnny Mize,1981,15,1936,1953,10,70.6,1884,7372,6443,1118,2011,367,83,359,1337,28,12,856,524,150,99,,20,0.312,0.397,0.562,0.959
107,Josh Gibson,1972,14,1930,1946,12,38.3,602,2526,2168,612,808,135,58,166,733,40,,336,,11,1,0,18,0.373,0.458,0.718,1.176
108,Jud Wilson,2006,21,1923,1945,3,33.4,911,3563,3082,625,1080,203,50,77,728,104,,416,,1,0,0,26,0.35,0.434,0.524,0.958
109,Judy Johnson,1975,11,1923,1936,2,13.6,709,2884,2663,467,809,152,40,25,457,75,5,185,14,,,,30,0.304,0.35,0.419,0.769
110,Ken Griffey Jr.,2016,22,1989,2010,13,83.8,2671,11304,9801,1662,2781,524,38,630,1836,184,69,1312,1779,246,199,102,8,0.284,0.37,0.538,0.907
111,Kiki Cuyler,1968,18,1921,1938,1,48,1879,8100,7161,1305,2299,394,157,128,1065,328,148,676,752,20,53,,176,0.321,0.386,0.474,0.86
112,King Kelly,1945,16,1878,1893,0,47,1456,6457,5896,1357,1813,359,102,69,950,368,,549,418,,,,,0.307,0.368,0.438,0.806
113,Kirby Puckett,2001,12,1984,1995,10,51.2,1783,7831,7244,1071,2304,414,57,207,1085,134,76,450,965,85,188,58,23,0.318,0.36,0.477,0.837
114,Larry Doby,1998,17,1942,1959,9,56.8,1674,6920,5883,1080,1697,276,72,273,1099,64,36,945,1011,60,97,25,27,0.288,0.389,0.499,0.888
115,Larry Walker,2020,17,1989,2005,5,72.7,1988,8030,6907,1355,2160,471,62,383,1311,230,76,913,1231,117,153,65,7,0.313,0.4,0.565,0.965
116,Lloyd Waner,1967,18,1927,1945,1,29.8,1993,8337,7772,1201,2459,281,118,27,598,67,60,420,173,9,57,,108,0.316,0.353,0.393,0.747
117,Lou Boudreau,1970,15,1938,1952,8,63.2,1646,7025,6029,861,1779,385,66,68,789,51,50,796,309,40,155,,164,0.295,0.38,0.415,0.795
118,Lou Brock,1985,19,1961,1979,6,45.3,2616,11240,10332,1610,3023,486,141,149,900,938,307,761,1730,124,114,46,47,0.293,0.343,0.41,0.753
119,Lou Gehrig,1939,17,1923,1939,7,113.8,2164,9665,8001,1888,2721,534,163,493,1995,102,102,1508,790,114,2,,107,0.34,0.447,0.632,1.08
120,Luis Aparicio,1984,18,1956,1973,13,55.8,2599,11231,10230,1335,2677,394,92,83,791,506,136,736,742,22,184,76,161,0.262,0.311,0.343,0.653
121,Luke Appling,1964,20,1930,1950,7,77.5,2422,10254,8856,1319,2749,440,102,45,1116,179,108,1302,528,68,129,,74,0.31,0.399,0.398,0.798
122,Max Carey,1961,20,1910,1929,0,55.6,2476,10772,9363,1545,2665,419,159,70,802,738,127,1040,695,6,,,290,0.285,0.361,0.386,0.747
123,Mel Ott,1951,22,1926,1947,12,110.9,2730,11347,9456,1859,2876,488,72,511,1860,89,95,1708,896,129,82,,110,0.304,0.414,0.533,0.947
124,Mickey Cochrane,1947,13,1925,1937,2,49.7,1482,6211,5169,1041,1652,333,64,119,830,64,47,857,217,20,,,151,0.32,0.419,0.478,0.897
125,Mickey Mantle,1974,18,1951,1968,20,110.2,2401,9910,8102,1676,2415,344,72,536,1509,153,38,1733,1710,148,113,47,14,0.298,0.421,0.557,0.977
126,Mike Piazza,2016,16,1992,2007,12,59.5,1912,7745,6911,1048,2127,344,8,427,1335,17,20,759,1113,146,229,45,0,0.308,0.377,0.545,0.922
127,Mike Schmidt,1995,18,1972,1989,12,106.8,2404,10062,8352,1506,2234,408,59,548,1595,174,92,1507,1883,201,156,108,16,0.267,0.38,0.527,0.908
128,Miller Huggins,1964,13,1904,1916,0,35.4,1586,6825,5558,948,1474,146,50,9,318,324,31,1003,556,,,,192,0.265,0.382,0.314,0.696
129,Minnie Minoso,2022,20,1946,1980,13,53.2,1948,8233,7059,1228,2113,365,95,195,1089,216,130,848,584,43,185,57,69,0.299,0.387,0.461,0.848
130,Monte Irvin,1973,18,1938,1956,7,32.1,1044,4062,3523,580,1076,155,43,139,684,52,9,474,220,26,81,11,24,0.305,0.391,0.492,0.883
131,Mule Suttles,2006,21,1924,1944,5,36.5,909,3623,3220,720,1093,213,75,180,883,85,,370,,2,1,0,18,0.339,0.41,0.62,1.03
132,Nap Lajoie,1937,21,1896,1916,0,106.9,2480,10471,9590,1504,3243,657,163,82,1599,380,26,516,347,,,,221,0.338,0.38,0.466,0.846
133,Ned Hanlon,1996,13,1880,1892,0,18.1,1270,5577,5087,931,1318,159,79,30,518,329,,472,357,,,,,0.259,0.324,0.339,0.663
134,Nellie Fox,1997,19,1947,1965,15,49.5,2367,10351,9232,1279,2663,355,112,35,790,76,80,719,216,30,175,48,208,0.288,0.348,0.363,0.71
135,Orlando Cepeda,1999,17,1958,1974,11,50.1,2124,8699,7927,1131,2351,417,27,379,1365,142,80,588,1169,154,218,74,4,0.297,0.35,0.499,0.849
136,Oscar Charleston,1976,18,1920,1941,3,48.4,918,3885,3317,854,1210,241,80,143,853,210,,478,,0,0,,62,0.365,0.449,0.615,1.064
137,Ozzie Smith,2002,19,1978,1996,15,76.9,2573,10778,9396,1257,2460,402,69,28,793,580,148,1072,589,79,167,63,214,0.262,0.337,0.328,0.666
138,Paul Molitor,2004,21,1978,1998,7,75.7,2683,12167,10835,1782,3319,605,114,234,1307,504,131,1094,1244,100,209,109,75,0.306,0.369,0.448,0.817
139,Paul Waner,1952,20,1926,1945,4,74.8,2549,10767,9459,1627,3152,605,191,113,1309,104,101,1091,376,53,127,,174,0.333,0.404,0.473,0.878
140,Pee Wee Reese,1984,16,1940,1958,10,68.4,2166,9472,8058,1338,2170,330,80,126,885,232,99,1210,890,69,176,19,157,0.269,0.366,0.377,0.743
141,Phil Rizzuto,1994,13,1941,1956,5,42.1,1661,6719,5816,877,1588,239,62,38,563,149,58,651,398,35,107,2,193,0.273,0.351,0.355,0.706
142,Pie Traynor,1948,17,1920,1937,2,38.7,1941,8298,7559,1183,2416,371,164,58,1273,158,88,472,278,19,47,,231,0.32,0.362,0.435,0.797
143,Rabbit Maranville,1954,23,1912,1935,0,44.1,2670,11260,10078,1256,2605,380,177,28,884,291,150,839,756,4,21,,300,0.258,0.318,0.34,0.658
144,Ralph Kiner,1975,10,1946,1955,6,48,1472,6256,5205,971,1451,216,39,369,1015,22,18,1011,749,90,126,7,9,0.279,0.398,0.548,0.946
145,Ray Schalk,1955,18,1912,1929,0,33.1,1762,6242,5306,579,1345,199,49,11,593,177,69,638,358,5,,,214,0.253,0.34,0.316,0.656
146,Red Schoendienst,1989,19,1945,1963,10,44.8,2216,9224,8479,1223,2449,427,78,84,773,89,60,606,346,30,180,19,97,0.289,0.337,0.387,0.724
147,Reggie Jackson,1993,21,1967,1987,14,73.9,2820,11418,9864,1551,2584,463,49,563,1702,228,115,1375,2597,164,183,68,13,0.262,0.356,0.49,0.846
148,Richie Ashburn,1995,15,1948,1962,6,64.3,2189,9737,8365,1322,2574,317,109,29,586,234,117,1198,571,40,83,18,112,0.308,0.396,0.382,0.778
149,Rick Ferrell,1984,18,1929,1947,8,30.8,1884,7076,6028,687,1692,324,45,28,734,29,35,931,277,68,55,,103,0.281,0.378,0.363,0.741
150,Rickey Henderson,2009,25,1979,2003,10,111.2,3081,13346,10961,2295,3055,510,66,297,1115,1406,335,2190,1694,61,172,67,30,0.279,0.401,0.419,0.82
151,Roberto Alomar,2011,17,1988,2004,12,67,2379,10400,9073,1508,2724,504,80,210,1134,474,114,1032,1140,62,206,97,148,0.3,0.371,0.443,0.814
152,Roberto Clemente,1973,18,1955,1972,15,94.8,2433,10212,9454,1416,3000,440,166,240,1305,83,46,621,1230,167,275,66,36,0.317,0.359,0.475,0.834
153,Robin Yount,1999,20,1974,1993,3,77.4,2856,12249,11008,1632,3142,583,126,251,1406,271,105,966,1350,95,217,123,104,0.285,0.342,0.43,0.772
154,Rod Carew,1991,19,1967,1985,18,81.2,2469,10550,9315,1424,3053,445,112,92,1015,353,187,1018,1028,144,216,64,128,0.328,0.393,0.429,0.822
155,Roger Bresnahan,1945,17,1897,1915,0,42.1,1446,5389,4481,682,1252,218,71,26,530,212,4,714,403,,,,112,0.279,0.386,0.377,0.764
156,Roger Connor,1976,18,1880,1897,0,84.3,1998,8847,7797,1620,2467,441,233,138,1323,244,,1002,455,,,,9,0.316,0.397,0.486,0.883
157,Rogers Hornsby,1942,23,1915,1937,0,127.1,2259,9481,8173,1579,2930,541,169,301,1584,135,81,1038,679,54,3,,216,0.358,0.434,0.577,1.01
158,Ron Santo,2012,15,1960,1974,9,70.5,2243,9397,8143,1138,2254,365,67,342,1331,35,41,1108,1343,94,256,94,13,0.277,0.362,0.464,0.826
159,Ross Youngs,1972,10,1917,1926,0,32.7,1211,5337,4627,812,1491,236,93,42,592,153,93,550,390,6,,,119,0.322,0.399,0.441,0.839
160,Roy Campanella,1969,18,1937,1957,11,42,1449,5727,5030,786,1422,232,31,260,1019,38,20,609,501,114,146,18,35,0.283,0.363,0.496,0.859
161,Ryne Sandberg,2005,16,1981,1997,10,67.9,2164,9282,8385,1318,2386,403,76,282,1061,344,107,761,1260,59,139,71,31,0.285,0.344,0.452,0.795
162,Sam Crawford,1957,19,1899,1917,0,75.3,2517,10625,9570,1391,2961,458,309,97,1523,367,43,760,580,,,,241,0.309,0.362,0.452,0.814
163,Sam Rice,1963,20,1915,1934,0,54.2,2404,10260,9269,1514,2987,498,184,34,1077,351,147,708,275,10,,,213,0.322,0.374,0.427,0.801
164,Sam Thompson,1974,15,1885,1906,0,44.4,1410,6526,5998,1261,1988,343,161,126,1308,232,,452,234,,,,13,0.331,0.384,0.505,0.89
165,Scott Rolen,2023,17,1996,2012,7,70.1,2038,8518,7398,1211,2077,517,43,316,1287,118,49,899,1410,57,150,93,1,0.281,0.364,0.49,0.855
166,Stan Musial,1969,22,1941,1963,24,128.6,3026,12721,10972,1949,3630,725,177,475,1951,78,71,1599,696,298,243,53,35,0.331,0.417,0.559,0.976
167,Ted Simmons,2020,21,1968,1988,8,50.3,2456,9685,8680,1074,2472,483,47,248,1389,21,33,855,694,188,287,100,11,0.285,0.348,0.437,0.785
168,Ted Williams,1966,19,1939,1960,19,121.8,2292,9792,7706,1798,2654,525,71,521,1839,24,17,2021,709,258,197,20,5,0.344,0.482,0.634,1.116
169,Tim Raines,2017,23,1979,2002,7,69.4,2502,10359,8872,1571,2605,430,113,170,980,808,146,1330,966,148,142,76,39,0.294,0.385,0.425,0.81
170,Tommy McCarthy,1946,13,1884,1896,0,16.2,1273,5739,5120,1066,1493,191,53,44,732,468,,536,185,,,,33,0.292,0.364,0.375,0.74
171,Tony Gwynn,2007,20,1982,2001,15,69.2,2440,10232,9288,1383,3141,543,85,135,1138,319,125,790,434,203,259,85,45,0.338,0.388,0.459,0.847
172,Tony Lazzeri,1991,14,1926,1939,1,47.7,1740,7314,6297,986,1840,334,115,178,1194,148,82,869,864,40,8,,116,0.292,0.38,0.467,0.846
173,Tony Oliva,2022,15,1962,1976,8,43,1676,6880,6301,870,1917,329,48,220,947,86,55,448,645,131,139,57,14,0.304,0.353,0.476,0.83
174,Tony Perez,2000,23,1964,1986,7,54,2777,10861,9778,1272,2732,505,79,379,1652,49,33,925,1867,150,268,106,9,0.279,0.341,0.463,0.804
175,Travis Jackson,1982,15,1922,1936,1,44.2,1656,6682,6086,833,1768,291,86,135,929,71,70,412,565,29,39,,171,0.291,0.337,0.433,0.77
176,Tris Speaker,1937,22,1907,1928,0,134.9,2789,12020,10195,1882,3514,792,222,117,1531,436,158,1381,393,4,,,309,0.345,0.428,0.5,0.928
177,Turkey Stearnes,2000,18,1923,1940,5,49.9,993,4279,3807,917,1326,231,113,187,1009,130,,418,,0,0,,25,0.348,0.417,0.616,1.032
178,Ty Cobb,1936,24,1905,1928,0,151.4,3034,13103,11440,2245,4189,724,295,117,1944,897,215,1249,680,9,,,292,0.366,0.433,0.512,0.944
179,Vladimir Guerrero,2018,16,1996,2011,9,59.5,2147,9059,8155,1328,2590,477,46,449,1496,181,94,737,985,250,277,64,0,0.318,0.379,0.553,0.931
180,Wade Boggs,2005,18,1982,1999,12,91.4,2439,10740,9180,1513,3010,578,61,118,1014,24,35,1412,745,180,236,96,29,0.328,0.415,0.443,0.858
181,Willard Brown,2006,11,1937,1948,7,20.2,431,1785,1652,332,580,127,44,54,391,80,2,125,7,1,2,0,4,0.351,0.398,0.579,0.977
182,Willie Keeler,1939,19,1892,1910,0,54.3,2123,9619,8591,1719,2932,241,145,33,810,495,,524,136,,,,366,0.341,0.388,0.415,0.802
183,Willie Mays,1979,23,1948,1973,24,156.1,3005,12545,10924,2068,3293,525,141,660,1909,339,103,1468,1526,214,251,91,13,0.301,0.384,0.557,0.94
184,Willie McCovey,1986,22,1959,1980,6,64.5,2588,9692,8197,1229,2211,353,46,521,1555,26,22,1345,1550,260,176,70,5,0.27,0.374,0.515,0.889
185,Willie Stargell,1988,21,1962,1982,7,57.6,2360,9027,7927,1194,2232,423,55,475,1540,17,16,937,1936,227,143,75,9,0.282,0.36,0.529,0.889
186,Willie Wells,1997,21,1924,1948,10,49.5,1039,4471,3920,932,1292,257,65,140,873,160,,487,,0,,,36,0.33,0.407,0.535,0.943
187,Yogi Berra,1972,19,1946,1965,18,59.5,2120,8364,7555,1175,2150,321,49,358,1430,30,26,704,414,91,146,44,9,0.285,0.348,0.482,0.83
188,Zack Wheat,1959,19,1909,1927,0,60.4,2410,10007,9106,1289,2884,476,172,132,1248,205,73,650,572,15,,,163,0.317,0.367,0.45,0.817